timestamp,project_name,project_url,share_link
2026-04-08T00:50:10,Autmatic Send,https://www.overleaf.com/project/69d55181ae854eecb8e65312,https://www.overleaf.com/project/69d55181ae854eecb8e65312#
2026-04-08T00:54:04,Autmatic Send,https://www.overleaf.com/project/69d552927c9423e22e313b48,https://www.overleaf.com/6561913162twwtzsdtdjzj#08f8f3
2026-04-08T00:57:09,Autmatic Send,https://www.overleaf.com/project/69d5534f3f73a7bd0e9f9650,https://www.overleaf.com/2791594697vvwgdgmmsrgw#033db0
2026-04-08T01:13:38,Autmatic Send,https://www.overleaf.com/project/69d55730d7321edac47686e1,https://www.overleaf.com/9341239771spwmkvqwzntp#4178de
2026-04-08T01:16:14,Autmatic Send,https://www.overleaf.com/project/69d557ca66882781b8c567f4,https://www.overleaf.com/5662429541fbsxttzwstyw#a7cae7
2026-04-08T01:24:56,Autmatic Send,https://www.overleaf.com/project/69d559d6ae854eecb8ec1490,https://www.overleaf.com/8524687333mczzbdhskbrz#d93023
2026-04-08T01:28:21,Autmatic Send,https://www.overleaf.com/project/69d55a3a985eb6c9ad410443,https://www.overleaf.com/project/69d55a3a985eb6c9ad410443#
2026-04-08T01:30:40,Autmatic Send,https://www.overleaf.com/project/69d55b2c37958e27d62c81e4,https://www.overleaf.com/8457867387ryhtzqdbfrff#ad5337
2026-04-08T01:32:59,Autmatic Send,https://www.overleaf.com/project/69d55bb7d7321edac478eab5,https://www.overleaf.com/4241458149qcymytzcqdzr#2663ab
2026-04-08T01:42:08,Autmatic Send,https://www.overleaf.com/project/69d55ddb3f73a7bd0ea6a466,https://www.overleaf.com/2897915752nqzhkjtmyrzn#01fda8
2026-04-08T01:45:34,Autmatic Send,https://www.overleaf.com/project/69d55eab985eb6c9ad43cc2c,https://www.overleaf.com/5443442114jrdzvpzdfbmn#0c5a57
2026-04-08T01:50:39,Autmatic Send,https://www.overleaf.com/project/69d55fdb76a364077b03de39,https://www.overleaf.com/2257844152pdkgxhdbskmg#9e505f
2026-04-08T01:56:54,Autmatic Send,https://www.overleaf.com/project/69d561547c9423e22e3b75b0,https://www.overleaf.com/1931789767rqhsbwsfvccc#a25626
2026-04-08T02:01:48,Autmatic Send,https://www.overleaf.com/project/69d5627bddea3de564a22432,https://www.overleaf.com/8224754675zzxsckjhvwwc#2a2e55
2026-04-08T02:14:39,Autmatic Send,https://www.overleaf.com/project/69d5657c0208b8d07006800e,https://www.overleaf.com/8431954988rcfttfrkhhsr#77c92c
2026-04-08T02:18:38,Autmatic Send,https://www.overleaf.com/project/69d5666bae854eecb8f3f6fd,https://www.overleaf.com/6687342381nfqkchfddjgc#4414e9
2026-04-08T02:34:11,I7 - Test Project 1,https://www.overleaf.com/project/69d56a1137298f6800568ce5,https://www.overleaf.com/6995915947kyqnbrxhxvwb#3cb0db
2026-04-08T02:36:04,I8 - Test Project 1,https://www.overleaf.com/project/69d56a8037298f680056c668,https://www.overleaf.com/6649414476tpbgmmgstzmk#763939
2026-04-08T02:38:10,I9 - Test Project 1,https://www.overleaf.com/project/69d56aef37298f680056fd91,https://www.overleaf.com/5111219121bxzxnnvvhnph#b1c018
2026-04-08T02:48:55,I7 - Test Project 1,https://www.overleaf.com/project/69d56d72d7321edac483fb35,https://www.overleaf.com/project/69d56d72d7321edac483fb35
2026-04-08T02:51:00,I8 - Test Project 1,https://www.overleaf.com/project/69d56defae854eecb8f89f5e,https://www.overleaf.com/project/69d56defae854eecb8f89f5e
